{"stats":{"minecraft:mined":{"minecraft:dark_oak_leaves":3},"minecraft:used":{"minecraft:white_wool":1,"minecraft:light_gray_wool":1,"undead_revamp2:thedungeon_spawn_egg":2,"undead_revamp2:thespectre_spawn_egg":2,"undead_revamp2:chainsword":22},"minecraft:killed":{"undead_revamp2:thespectre":1},"minecraft:picked_up":{"minecraft:rotten_flesh":2,"minecraft:light_gray_wool":1,"minecraft:white_wool":1},"minecraft:custom":{"minecraft:time_since_rest":141,"minecraft:crouch_one_cm":27,"minecraft:sprint_one_cm":4650,"minecraft:play_time":4957,"minecraft:deaths":1,"minecraft:damage_taken":260,"minecraft:walk_one_cm":13884,"minecraft:sneak_time":54,"minecraft:mob_kills":1,"minecraft:damage_dealt_resisted":298,"minecraft:jump":65,"minecraft:damage_dealt":488,"minecraft:leave_game":3,"minecraft:time_since_death":101,"minecraft:total_world_time":4957,"minecraft:fall_one_cm":1075,"minecraft:fly_one_cm":24187}},"DataVersion":3465}