{
  "minecraft:recipes/decorations/crafting_table": {
    "criteria": {
      "unlock_right_away": "2024-09-22 04:17:16 +0000"
    },
    "done": true
  },
  "minecraft:adventure/adventuring_time": {
    "criteria": {
      "minecraft:snowy_slopes": "2024-09-22 04:17:17 +0000",
      "minecraft:cherry_grove": "2024-09-22 04:19:11 +0000",
      "minecraft:meadow": "2024-09-22 04:19:17 +0000",
      "minecraft:plains": "2024-09-22 04:19:22 +0000"
    },
    "done": false
  },
  "DataVersion": 3465
}